PureBreze - Air Quality Monitor,,,,,,,,,,,,,,,,,,,,,,,,,,,,,,,,,,,,,,,,,,,,,,,,,
Measurements made on,Sun 31 May 2020,,,,,,,,,,,,,,,,,,,,,,,,,,,,,,,,,,,,,,,,,,,,,,,,
Date,Time,Inlet Temperatures(C),Outlet Temperatures(C),Inlet Rel Humidity(%),Outlet Rel Humidity(%),Inlet Air Flow(l/s),Outlet Air Flow(l/s),Inlet Air Pressure(mB),Outlet Air Pressure(mB),Inlet NO (ppm),Outlet NO (ppm),Inlet NO2 (ppm),Outlet NO2 (ppm),Inlet O3 (ppm),Outlet O3 (ppm),Inlet CO (ppm),Outlet CO (ppm),Inlet SO2 (ppm),Outlet SO2 (ppm),Inlet H2S (ppm),Outlet H2S (ppm),Inlet CO2 (ppm),Outlet CO2 (ppm),Inlet PM1 (ppm),Outlet PM1 (ppm),Inlet PM2.5 (ppm),Outlet PM2.5 (ppm),Inlet PM4 (ppm),Outlet PM4 (ppm),Inlet PM10 (ppm),Outlet PM10 (ppm),,,,,,,,,,,,,,,,,,
20200531,17:47:13,16.7,18,65.02,56.37,3.6,3.3,984.9,995.8,580.6,605.2,566.3,584,611.3,593.3,604.2,643.1,601.4,525,600.4,631.8,626.4,638.4,589.9,630.7,631.3,564.8,634.6,601.1,583.9,609.8,,993369.7,6630.3,,993372.8,6627.2,,,,,,,,,,,,
20200531,17:47:43,16,17.5,65.46,56.38,3.6,3.3,985,996.2,582.6,608.1,565.2,584.7,611,596.4,602.4,633.6,604.6,523.7,596.4,627.9,624.1,638.2,587.6,632.3,626.8,564.4,631.8,604.4,587.6,605.8,,993379.9,6620.1,,993380.5,6619.5,,,,,,,,,,,,
20200531,17:48:13,16.7,17.1,65.51,56.7,3.6,3.3,986.6,998.6,582.3,611.8,563.4,582.7,606.7,600.1,605.9,640.3,607.2,520.6,599.2,624.5,624.3,638.6,583.7,634.6,622,560.2,626.9,608.4,587.6,604.9,,993390.8,6609.2,,993373.3,6626.7,,,,,,,,,,,,
20200531,17:48:43,16,17.4,65.27,56.61,3.6,3.3,987.1,999.7,579.7,615.1,562.8,582.6,603.2,599.7,610.4,633.8,610.7,517.8,597.5,621.4,626.4,634.7,584.6,638.1,618,556.6,624.5,612.4,585.7,609.4,,993396.5,6603.5,,993378.4,6621.6,,,,,,,,,,,,
20200531,17:49:13,16.3,18.2,65.38,56.33,3.6,3.3,985.7,1000.3,577.4,617.4,562,584.8,602.2,601,608.5,630.4,614.8,514.4,593.6,617.4,621.6,631.2,580.5,638,613.1,553.8,629,610.9,586.8,609.3,,993410.5,6589.5,,993391.4,6608.6,,,,,,,,,,,,
20200531,17:49:43,17.1,17.3,65.1,56.79,3.6,3.3,984.5,999.2,574.2,612.7,559.7,579.9,598.9,603.3,608.5,634.9,618,510.7,598.2,616.9,622.3,635.8,577.2,639.1,609.5,558.2,627.3,608.1,585.5,608.3,,993420.7,6579.3,,993392.1,6607.9,,,,,,,,,,,,
20200531,17:50:13,18,17.3,64.61,57.07,3.6,3.3,985.3,1001.7,579,614.8,561.9,575.1,594.2,599.3,611,634.5,619.5,510.2,596.4,619.6,625.5,636.9,576.1,634.4,608.3,560.2,624.2,609.6,585.2,604.6,,993418.7,6581.3,,993400.8,6599.2,,,,,,,,,,,,
20200531,17:50:43,18.3,18,64.55,57.25,3.6,3.3,983,1003.4,581.5,613.2,557.3,571.1,591.3,601.5,609.7,636.5,621.2,514.4,594.7,615.2,623.9,634,572.3,634.3,608.3,555.7,623.3,611,590,601.6,,993426.5,6573.5,,993411.5,6588.5,,,,,,,,,,,,
20200531,17:51:13,18.6,18.5,64.88,57.42,3.6,3.3,982.4,1004.7,577.2,611.9,560.8,568.1,595.4,605.8,610.4,631.7,622.9,509.9,592.1,619.6,624.9,631.8,567.4,637.4,608.9,556.9,621.4,611.7,591.1,605.3,,993427.5,6572.5,,993409.9,6590.1,,,,,,,,,,,,
20200531,17:51:43,18.3,18.5,64.42,57.6,3.6,3.3,982,1005.6,580,613.6,560.6,572.7,592.9,603.2,613.6,630.8,627,510.6,590.2,617.3,620,632.1,569.1,633.9,607.3,560.6,624.7,611.5,590.3,606.4,,993424.3,6575.7,,993407.3,6592.7,,,,,,,,,,,,
20200531,17:52:13,17.4,18,64.19,57.64,3.6,3.3,981.2,1003.7,577.9,616,558.4,574.7,593.1,606.9,610.7,634,628.7,510.6,586.4,616.1,618.2,637.4,565.8,636.3,603.9,565,624.2,612.3,593.6,607.3,,993439.1,6560.9,,993383.4,6616.6,,,,,,,,,,,,
20200531,17:52:43,17.4,17.1,64.38,58.05,3.6,3.3,983.7,1001.5,582.4,613.1,559.8,571,588.4,609.6,610.7,640.5,625.6,508.7,590.4,613.5,618.9,639.5,561.6,633.4,602,561.6,626.5,611.5,590.2,605.1,,993443.5,6556.5,,993392.5,6607.5,,,,,,,,,,,,
20200531,17:53:13,18,16.4,64.41,58.51,3.6,3.3,985.1,998.9,579,608.5,564.2,574.9,587.9,605,609.7,637,628.3,511.8,586.8,609.7,621.9,632.2,563.5,634.8,599.6,561.9,626.5,611.4,587,605.4,,993445.6,6554.4,,993407.4,6592.6,,,,,,,,,,,,
20200531,17:53:43,17.7,16.8,64.36,58.96,3.6,3.3,983.3,996.7,579,604.4,565.5,574.5,585,608.6,606,631.3,630.6,511.7,590.5,614.5,619.2,634.9,567.5,635.8,600.8,565.4,625.4,616.1,588,605.2,,993442.5,6557.5,,993397.6,6602.4,,,,,,,,,,,,
20200531,17:54:13,16.9,16.8,64.6,59.13,3.6,3.3,985.7,999.4,574.1,605.6,566.9,577.8,588.3,612.8,607.7,639.7,627.8,513.8,592.9,618.6,621.8,635.2,572.3,640.5,597.3,567.3,629.1,619.8,583.5,602.4,,993438.3,6561.7,,993366.5,6633.5,,,,,,,,,,,,
20200531,17:54:43,16.9,16.5,64.87,58.89,3.6,3.3,988.6,1002.2,576.2,604.8,571.8,582.2,592.3,617.5,603.7,638,629.2,513.3,595.4,617.5,623.3,641.1,572.3,645,600.1,565.1,627.5,616.9,581.2,605,,993427,6573,,993353.6,6646.4,,,,,,,,,,,,
20200531,17:55:13,16.8,16.9,64.55,58.46,3.6,3.3,988.3,1000.9,578.7,606.3,571.8,585,587.9,620.5,608,645.4,633.5,509.4,592.8,619.7,621.6,647.2,573,644.8,598.2,563,631.2,616.9,583.8,604.5,,993419.5,6580.5,,993337.3,6662.7,,,,,,,,,,,,
20200531,17:55:43,16.4,17.3,64.48,58.09,3.6,3.3,988.7,999.5,579,606.6,571.7,580.2,588,620,611.1,643.4,629.8,512.1,596.6,619.7,626.5,647.5,572.5,642.4,595.1,566.9,629.9,612.3,588.6,606.5,,993411.2,6588.8,,993342.4,6657.6,,,,,,,,,,,,
20200531,17:56:13,17,17.8,64.88,57.68,3.6,3.3,991.2,1000.6,581.1,604.1,572.7,581.8,584.3,617.7,615.1,649.5,629.4,512.8,600,620.2,628.4,646.2,569.5,638.6,597.4,571.8,634,612.2,584.6,609.4,,993403.5,6596.5,,993335.7,6664.3,,,,,,,,,,,,
20200531,17:56:43,17.4,17.5,64.78,57.28,3.6,3.3,990.5,998.6,582.2,604.4,573.5,581.5,586.5,613,617.6,647.3,630.8,510.9,603,617.1,623.7,644.2,568.9,633.9,593.3,568.8,630.1,616.8,584.3,609.9,,993406.1,6593.9,,993352.2,6647.8,,,,,,,,,,,,
20200531,17:57:13,17.1,16.9,64.95,57.7,3.6,3.3,987.8,997.4,577.6,601,577,576.6,583.1,615.7,615.7,643.2,633.7,510.6,606.4,612.8,627.4,645.4,570.5,636.1,596.1,566.5,631.2,616,583.6,612.8,,993397.7,6602.3,,993363.3,6636.7,,,,,,,,,,,,
20200531,17:57:43,17.1,16.6,64.82,58.09,3.6,3.3,987.2,998.3,574.1,602.1,579.2,580.6,587.5,617.9,616.7,646.4,630.9,506.6,603.8,613.2,622.5,649.3,573.7,632.8,600.6,565.3,634.4,616.6,580.8,616.6,,993395.8,6604.2,,993352.6,6647.4,,,,,,,,,,,,
20200531,17:58:13,16.5,16.9,65.2,58.11,3.6,3.3,987.8,997,574.6,597.2,582.9,580.8,591.1,621.3,613.7,648.1,628.5,506.2,607.5,609.9,622.9,650.9,573.9,629.6,596.1,567.2,639.2,617.2,576.6,614.5,,993393,6607,,993357.1,6642.9,,,,,,,,,,,,
20200531,17:58:43,16.9,16.3,64.82,57.99,3.6,3.3,986.9,995.7,573.6,597.5,580,584.7,586.5,617.3,609.7,654.5,625.6,509.3,607.1,610,620.6,652.3,572.2,631.5,595.1,563.9,638.5,616.5,580.4,616.9,,993410.7,6589.3,,993345.6,6654.4,,,,,,,,,,,,
20200531,17:59:13,17.4,16.1,64.76,57.61,3.6,3.3,985.7,994.1,573.6,596.2,579.7,588.6,583,617.1,611,648.6,625,505.5,606.3,610,616.6,644,575.8,631.7,593.7,568.2,637.2,613,579.2,615.7,,993418.9,6581.1,,993361.4,6638.6,,,,,,,,,,,,
20200531,17:59:43,17.4,16,64.37,58.02,3.6,3.3,984.6,996.4,578.3,598.7,582.3,590.7,583,621.3,615.4,640.1,629.1,505.3,609.5,613.6,617.8,639.5,578,632,589.8,568.7,636.5,615.9,581.7,620.2,,993398.6,6601.4,,993354,6646,,,,,,,,,,,,
20200531,18:00:13,17.7,16,63.9,58.38,3.6,3.3,984.4,996.4,580.4,599.7,586.6,590.9,587.5,618.2,617.7,636.3,627.2,506.8,608.3,611.6,620.8,637.4,579.5,633.9,588,566.1,636.5,613.7,584.5,619.4,,993383,6617,,993366,6634,,,,,,,,,,,,
20200531,18:00:43,17.3,16.7,64.37,58.34,3.6,3.3,986.2,994,579.1,602,591.3,587.7,588.6,617.7,621.3,638.2,629.2,507.1,610.8,610.9,616.7,639.7,578.4,632.6,590.7,569.1,633.5,610.9,586.5,622.9,,993373.9,6626.1,,993361.2,6638.8,,,,,,,,,,,,
20200531,18:01:13,17.2,17.5,64.2,58.57,3.6,3.3,984.5,995.3,575.8,602.3,595.7,584.5,585.2,622.2,617.4,644.2,633.3,504.6,610.4,615.5,619.1,646.4,578.4,629.5,592.6,566.8,636.7,609.8,591.4,624.9,,993364,6636,,993349.3,6650.7,,,,,,,,,,,,
20200531,18:01:43,17,17.3,63.78,58.22,3.6,3.3,982.6,993.9,578.1,602.8,591.8,585.6,586.1,617.3,618.6,649.8,629.4,506.9,607.1,611.7,621.9,645.5,583.1,626.8,587.7,562.2,634.5,612.4,595.9,623.4,,993365.8,6634.2,,993355.6,6644.4,,,,,,,,,,,,
20200531,18:02:13,16.6,17.8,64.24,58.25,3.6,3.3,981.2,993.7,581.6,605.4,594.2,586.2,589.4,620.2,618.6,648.2,627.7,508.6,607.8,612.3,618.4,645.7,587.3,625.3,589.4,559.3,630.6,613.5,594.5,625,,993360.5,6639.5,,993350.3,6649.7,,,,,,,,,,,,
20200531,18:02:43,16,17.5,64.53,58.45,3.6,3.3,983.1,992.9,577.8,608.1,598.9,588.9,594.2,620.4,615.4,648,628.1,506.3,607,607.5,622,652.4,587.3,620.6,589.8,559.7,632.9,611.8,592.1,628.7,,993354.5,6645.5,,993347.6,6652.4,,,,,,,,,,,,
20200531,18:03:13,16.5,16.8,64.87,58.28,3.6,3.3,983.3,993.7,577.3,604.8,602.4,593.2,593.5,620.9,616,654.7,624.8,504.9,604.5,603.7,626.2,651.6,589.9,616.8,585.4,554.8,628.3,615.8,589.7,632,,993362,6638,,993346.8,6653.2,,,,,,,,,,,,
20200531,18:03:43,16.6,16.6,64.79,58.55,3.6,3.3,983.3,991.2,579.4,601,605,595.6,593.8,619.1,612,651.2,624.8,509,600.3,607.1,622.6,651.2,593,612.3,588,553.2,630.6,611.9,593.8,635.2,,993356.7,6643.3,,993353.2,6646.8,,,,,,,,,,,,
20200531,18:04:13,16.5,17.2,65.2,58.18,3.6,3.3,983.3,992,577.1,604.3,604.7,594.4,589.6,617.2,615.4,650.3,629.2,507.8,600,609.5,626.5,652.4,590,608.4,585.6,548.7,629.1,614.2,598.4,638.9,,993354.4,6645.6,,993353.9,6646.1,,,,,,,,,,,,
20200531,18:04:43,17,17.6,64.89,58.59,3.6,3.3,981,993.7,573.8,605.4,604,598.2,588.8,617.3,613.3,650,631.2,511.2,597.1,606.7,626.3,649.6,589.9,611.7,589.6,545.4,627.6,610,599.8,643.7,,993358.6,6641.4,,993350.8,6649.2,,,,,,,,,,,,
20200531,18:05:13,16.6,18.2,64.66,59.05,3.6,3.3,982.4,993.7,570.6,602.1,602.5,595.2,583.9,617.7,618,645.3,632.7,507,595.3,607.4,626.6,644,586.1,614.9,588.6,541.8,625.5,609.1,603.6,646.7,,993366.6,6633.4,,993368.8,6631.2,,,,,,,,,,,,
20200531,18:05:43,16,17.4,64.26,59.28,3.6,3.3,983.2,992,574.9,603.7,604.7,592.9,582.8,621.9,621.1,640.1,634.2,511.4,595,611.3,623.1,643.2,589.4,619.3,585.3,542.1,625.5,607.8,606.8,643.3,,993357.2,6642.8,,993363,6637,,,,,,,,,,,,
20200531,18:06:13,16,16.8,64.12,59.08,3.6,3.3,985.7,993.2,574.6,603.1,602,594.9,581.6,624.1,623.8,643.3,636.8,512.4,591.3,609.5,627.3,640.4,587.2,624.1,584.3,545.9,629.2,610.4,609.7,639.1,,993352.2,6647.8,,993352.8,6647.2,,,,,,,,,,,,
20200531,18:06:43,16.6,17,64.11,59.53,3.6,3.3,986.9,990.3,571.1,602.6,603.8,590.8,584.7,619.8,626.6,641.9,636,511.8,592.9,614.1,627.9,645.1,588.1,623.9,586,545.1,631.9,608.5,613.5,642.4,,993337.5,6662.5,,993354,6646,,,,,,,,,,,,
20200531,18:07:13,17.5,17.9,63.82,59.53,3.6,3.3,986.3,988.6,567,603,603.8,586.3,583.4,623.6,630.3,643.5,637.3,508.4,588.1,618.5,630.8,642.5,589.8,621.6,585.3,543.9,629.5,612.3,611.9,644.9,,993342.8,6657.2,,993351.5,6648.5,,,,,,,,,,,,
20200531,18:07:43,17.1,17.2,64.3,59.28,3.6,3.3,983.6,988.4,569.5,604.4,599.5,581.9,579.6,626.1,632.2,641,637.3,509.7,585,622.3,633.7,637.8,592.5,617.5,588,542,633.5,612.2,611.3,645.6,,993337.9,6662.1,,993359.5,6640.5,,,,,,,,,,,,
20200531,18:08:13,17.2,17.7,64.13,58.86,3.6,3.3,982.7,986.1,571.6,604.3,599.5,580.3,578.9,626.2,635.3,639,640.5,513.7,589.2,627,634.8,637,591.6,615.7,587.9,541.2,636.2,615.5,608.3,643.5,,993326.2,6673.8,,993356.6,6643.4,,,,,,,,,,,,
20200531,18:08:43,17,16.8,64.18,59.11,3.6,3.3,982.6,988.7,575.3,603,603.5,577.8,577.6,623.3,638.6,638.5,641.3,516,590.1,622.4,632.2,634.2,594.1,619,584.2,539.8,636.2,611.7,605.8,644.4,,993321.1,6678.9,,993369.9,6630.1,,,,,,,,,,,,
20200531,18:09:13,17,16,63.9,58.85,3.6,3.3,980.2,989.1,576.1,601.2,603.7,573.9,574.2,621.3,638.3,636.8,644.7,514.4,585.4,618.6,628.7,636.3,598.3,615.5,588.5,539.9,636.9,616.6,608.8,646.4,,993316.4,6683.6,,993379.1,6620.9,,,,,,,,,,,,
20200531,18:09:43,16.3,16.4,63.97,58.52,3.6,3.3,981.3,990.3,578.5,599.9,605.5,570.5,575.4,619.5,634.5,639,643.4,512.8,588.1,622.6,625.7,640.2,598.3,619,586.5,544.3,641.6,620.3,604.6,648.4,,993317.9,6682.1,,993363.5,6636.5,,,,,,,,,,,,
20200531,18:10:13,17.2,16.6,64.01,58.49,3.6,3.3,979.9,990.3,579.1,597.3,603.6,567.7,578.4,622.8,635.6,641.6,643.6,509.9,588.3,627.3,625.1,638.3,594.7,614.8,588.1,542.8,640.8,623.6,605,644.8,,993317.7,6682.3,,993369.1,6630.9,,,,,,,,,,,,
20200531,18:10:43,17.4,16.2,63.91,58.69,3.6,3.3,981.1,992.7,579.6,594.7,603.4,567.5,574.1,625.2,636.7,634.5,647.8,514,588.4,625.2,624.4,639.3,591.4,615.5,589.3,547.5,639.9,625.4,605.3,642.8,,993319.7,6680.3,,993368.4,6631.6,,,,,,,,,,,,
20200531,18:11:13,17.8,16.6,63.72,58.69,3.6,3.3,981.8,992.7,577.4,590.6,604.7,566.3,573.4,627.5,638.5,643.9,643.3,511.7,588.2,626.7,629,639.1,594.2,612.5,585.9,550.1,640.7,629.5,609.3,647.5,,993315.4,6684.6,,993354.6,6645.4,,,,,,,,,,,,
20200531,18:11:43,18.5,16.4,64.08,58.27,3.6,3.3,979.9,992.1,575.9,592.2,607.1,567.1,570.4,625.2,636.3,638.6,642.3,506.9,587.3,631.3,631.7,638.2,595,613.1,585.9,545.6,640.7,630.2,612.3,644.1,,993315.1,6684.9,,993367.5,6632.5,,,,,,,,,,,,
20200531,18:12:13,18.6,16,64.51,58.01,3.6,3.3,982,990.2,573.3,588.3,606.1,562.8,566.6,628.1,639.8,639.6,642.3,502.3,582.6,631.6,635.1,639.7,595.4,608.2,590.5,544.1,639.2,630,612.3,641.4,,993316.8,6683.2,,993383.9,6616.1,,,,,,,,,,,,
20200531,18:12:43,18.3,16,64.43,58.45,3.6,3.3,981.5,987.8,578.2,592.6,608,557.9,564.2,623.9,640.3,639.2,640.6,502.8,581,630.8,636.8,634.7,599.7,605.9,594.3,542.9,634.5,632.4,615.8,641.1,,993306.6,6693.4,,993395.8,6604.2,,,,,,,,,,,,
20200531,18:13:13,18.8,16,64.83,58.77,3.6,3.3,980.6,987,577.1,589.6,607.1,553.8,560.2,626.6,642.2,634.7,642.1,504.5,581,633.3,632.7,630.9,596.6,601.8,595.9,543.9,631.2,637,615.9,638.9,,993318,6682,,993405,6595,,,,,,,,,,,,
20200531,18:13:43,17.9,16.3,65.15,59.1,3.6,3.3,980.6,987.5,578.4,593.6,607.5,551.8,558.2,624.6,643.8,631.3,642.5,505.5,577.8,629.7,628.9,633.7,596.2,599.1,598.5,545.5,633.3,637.7,611.6,641.9,,993323.3,6676.7,,993405.6,6594.4,,,,,,,,,,,,
20200531,18:14:13,17.5,16.1,64.93,59.53,3.6,3.3,981.2,986.5,579.3,589.7,603.7,547.2,554.2,624.6,641,634.9,639.9,501.3,575.4,627.9,630.1,635.4,598,598.9,596.3,546.2,633,640.8,606.7,646.6,,993342.4,6657.6,,993406.5,6593.5,,,,,,,,,,,,
20200531,18:14:43,16.9,16,65.24,59.85,3.6,3.3,978.9,985.4,579.9,587.2,605.2,550.6,557,622.8,644.8,636.6,637.3,501.9,571.6,626.2,629.9,632.4,595.9,603.4,596.4,544.5,631.8,638.8,601.8,647.8,,993348.4,6651.6,,993407.8,6592.2,,,,,,,,,,,,
20200531,18:15:13,16.9,16,64.94,60.21,3.6,3.3,979.6,986.2,579.3,588,602.1,548.1,561.8,626.6,646.6,633.8,636.7,506.6,567.6,626.2,630.1,629.1,594.2,607.8,595.1,544.2,632.4,637.6,599.4,650.5,,993354.7,6645.3,,993401.5,6598.5,,,,,,,,,,,,
20200531,18:15:43,16.5,16.4,65.05,60.55,3.6,3.3,981.6,986.9,577.8,588.7,604.3,545.8,558.1,627.4,642.8,633.6,635.1,504.4,567.9,626.3,629.4,635.2,598.2,607.8,599.3,545.3,635.3,638.7,601.8,648.3,,993350,6650,,993398.5,6601.5,,,,,,,,,,,,
20200531,18:16:13,16.7,16.4,65.32,60.41,3.6,3.3,984,988.4,581.1,590.9,601.3,547.4,559.6,623.2,639.4,639.2,636.9,501.9,568,629,633.1,637.3,601,611.9,599.8,549.8,637.4,636.2,602.7,646.5,,993339.7,6660.3,,993386.7,6613.3,,,,,,,,,,,,
20200531,18:16:43,16,16,65.22,60.76,3.6,3.3,984.7,989.4,577,594.8,602,551.4,556.8,625.5,636.2,641.6,638,502.4,563.4,629,636.2,641.6,600.6,615,602.6,549.2,640,633.1,605.5,644.4,,993341.7,6658.3,,993372,6628,,,,,,,,,,,,
20200531,18:17:13,16.4,16,65.22,60.33,3.6,3.3,982.9,991.8,580.1,590.1,599.9,554,555.4,624.4,637,638.7,635.9,499.9,566.6,626.2,637.8,638.9,605,617.4,605.9,547.3,637,630.2,604,643,,993335.4,6664.6,,993389.9,6610.1,,,,,,,,,,,,
20200531,18:17:43,16.3,16,65.22,60.05,3.6,3.3,981.8,993.1,578.8,591,604,557.2,557.4,626.3,641,635.4,634.4,501.6,563.9,627.2,637,640,607.5,616.3,601.3,542.7,640.4,631.4,607.2,643.4,,993327.1,6672.9,,993387.5,6612.5,,,,,,,,,,,,
20200531,18:18:14,16.3,16.1,65,59.77,3.6,3.3,981.3,991.9,582,589.9,604.3,560.8,558,624.8,637.6,644.1,637.8,497.1,559.8,626.7,640.1,648.6,607.3,611.8,600.6,541.1,638.8,631.6,610.4,644.5,,993323.3,6676.7,,993379,6621,,,,,,,,,,,,
20200531,18:18:44,16,16,65.3,59.49,3.6,3.3,981.5,994.7,579.5,591.7,600.4,559.8,556.2,627.7,633.3,650.3,636.2,496.6,555.2,626.7,644.8,649.7,603.5,615.6,604.3,537.6,636.6,627.9,606.6,642.1,,993343.4,6656.6,,993374.3,6625.7,,,,,,,,,,,,
20200531,18:19:14,16.9,16.4,64.99,59.38,3.6,3.3,983.7,997.5,577.6,595.4,597,558.2,558.3,624.2,631.2,650.3,632.5,498.2,553.2,630.5,648.2,655.2,601.4,618.3,603.1,533.6,640.3,632.7,605.6,640.1,,993351.6,6648.4,,993363.3,6636.7,,,,,,,,,,,,
20200531,18:19:44,17.8,16,64.99,59.14,3.6,3.3,982.9,1000.4,574.6,598.5,597.2,563.1,559,626.7,635.2,653.3,631.5,494.3,556.6,626.4,646.1,656.2,600.1,621,606.7,529.6,640.9,629.6,609.1,640.9,,993343,6657,,993360.4,6639.6,,,,,,,,,,,,
20200531,18:20:14,18,16,65,59.22,3.6,3.3,983.1,999.7,575.3,595.8,599,568,559.7,624.1,631.1,653.1,631,496.6,560.6,630.5,647.9,651.9,604.8,625.9,607.8,526.3,640.6,630.6,605.8,636.1,,993336.4,6663.6,,993361.1,6638.9,,,,,,,,,,,,
20200531,18:20:44,18.3,16.4,64.81,59.17,3.6,3.3,981,997,574.8,596.4,597.4,565,558.1,622.1,633.6,649.1,629.5,492,561.3,628.9,647.9,650.2,602.1,624.3,603.8,526.4,644,632.1,608.9,634.8,,993338.6,6661.4,,993378.7,6621.3,,,,,,,,,,,,
20200531,18:21:14,18.6,16.2,65.17,59.39,3.6,3.3,981.2,994.1,576.3,598.7,593.4,565.4,554.4,623.9,638.5,646.5,625.6,495.5,558.3,633.5,652.8,643.5,601.6,623.7,599.6,524.5,645.8,628.6,613.3,634.5,,993340.4,6659.6,,993381.7,6618.3,,,,,,,,,,,,
20200531,18:21:44,18.5,17.1,65.13,59.08,3.6,3.3,978.4,995.8,577.2,600.4,592.8,564.2,557.7,628.3,638.2,646.5,629.9,491,559.5,637.5,651.3,644,603.8,628.5,599,525.8,640.9,627.7,617.5,635.6,,993332.2,6667.8,,993370.5,6629.5,,,,,,,,,,,,
20200531,18:22:14,18.6,17.1,65.54,59.41,3.6,3.3,978,994.1,575.9,596.7,597.2,561,558,629,638.3,644,632.7,495.1,560.5,636.4,654.1,643.1,605.5,629.6,595.7,529.1,643.8,623.1,616.3,637,,993322,6678,,993375.9,6624.1,,,,,,,,,,,,
20200531,18:22:44,19.2,17.3,65.85,59.89,3.6,3.3,977.2,995.6,572,601.2,593.2,565.5,557.1,630.3,642.2,643.7,636.3,495,565.2,631.5,652.7,647.4,609.5,630.8,597.3,531,643.5,627.8,615.7,636.8,,993315.3,6684.7,,993359,6641,,,,,,,,,,,,
20200531,18:23:14,19.9,17.7,65.82,59.64,3.6,3.3,978.1,992.7,568.5,597.4,593.2,561.6,561.5,626.2,642.5,643.4,641.2,493.1,565.9,634.9,648,643.2,613.6,633.1,593.6,533.3,642.4,628.3,619.1,636.2,,993310.5,6689.5,,993369.3,6630.7,,,,,,,,,,,,
20200531,18:23:44,20.4,17.3,65.56,59.85,3.6,3.3,978.8,992.6,573,600.8,592,565.1,557.3,623.6,637.9,642,637.1,494.6,568.5,633.6,648.1,638,613.9,634.7,590.6,530.9,643.7,631.8,623.5,636,,993314.4,6685.6,,993368.9,6631.1,,,,,,,,,,,,
20200531,18:24:14,20.4,17.9,65.96,59.78,3.6,3.3,979.2,993.9,576.1,605,590.6,567.5,557,623.8,640.6,636.5,636.5,496.4,573.3,632.2,644.7,637.8,616.9,631.6,590.7,527.6,641.7,627.1,626.4,639.2,,993305.5,6694.5,,993375.3,6624.7,,,,,,,,,,,,
20200531,18:24:44,20.4,17.2,66.44,60.27,3.6,3.3,981.2,994.9,572.6,607.1,589.3,564.7,558.1,626.2,637.4,638.3,632.8,497.4,572.9,636.7,642.3,642.2,618.7,628.7,591.6,525.4,637.1,622.7,626.9,638.6,,993320.3,6679.7,,993372,6628,,,,,,,,,,,,
20200531,18:25:14,20.6,16.5,66.88,60.44,3.6,3.3,980.4,995.6,572.3,607.8,591.5,563,561.5,627.4,633.1,640.4,632.3,496.8,569.5,635.4,645.4,640.5,620.7,626.5,593.5,524.7,634.8,626.9,622.5,637.4,,993322.9,6677.1,,993373.2,6626.8,,,,,,,,,,,,
20200531,18:25:44,20,16.8,66.74,60.11,3.6,3.3,982.4,994.5,573.4,609.2,592.2,566.8,563.7,624.2,630.2,643,634.3,499.6,569,634.9,641.9,640.3,623.1,625.2,596.8,525.6,638.9,631.8,619.9,633.9,,993316.6,6683.4,,993365.5,6634.5,,,,,,,,,,,,
20200531,18:26:14,20.8,17.1,66.36,59.93,3.6,3.3,984.7,995.7,569.6,614.1,592.4,564.5,560,629.1,626,637,630.7,497.9,565.5,637.7,637.8,638.4,618.3,626.1,596.6,527.8,634.4,631.8,621.4,629.8,,993347.3,6652.7,,993365.8,6634.2,,,,,,,,,,,,
20200531,18:26:44,21.7,16.7,66.14,59.47,3.6,3.3,983.5,995.9,573.2,615.2,590,567.6,561.5,631.1,623.5,638.7,634.3,497.1,568.5,636.4,637.4,637.3,617.7,623.7,594.8,530.4,638.1,634.4,616.7,628.9,,993344.3,6655.7,,993359.2,6640.8,,,,,,,,,,,,
20200531,18:27:14,21.8,16.6,66.43,59.76,3.6,3.3,981.2,995,570.4,615.3,592.2,563.6,557.3,633.5,623.7,637.6,637.8,492.2,569.3,635.2,639.7,637.6,621.3,620.9,591.9,527,633.8,631.2,620.4,631.7,,993342.2,6657.8,,993374.2,6625.8,,,,,,,,,,,,
20200531,18:27:44,21.8,17.4,66.1,59.6,3.6,3.3,983.9,995,566.3,616.9,587.9,568.4,554.1,632.2,625.8,634.9,639.7,488.5,569.1,636.4,637.3,630.6,621.2,616.3,596.8,531.9,633.5,626.5,624.4,635.2,,993343.9,6656.1,,993382.2,6617.8,,,,,,,,,,,,
20200531,18:28:14,21.5,17.8,66.04,59.84,3.6,3.3,986.1,997.9,566.8,612.4,586.9,572,556.8,632.9,623.8,627.6,644.6,493,570.8,636.7,636.6,629.8,618.4,611.9,599.9,527.1,634.8,626.3,629.2,639.2,,993331.4,6668.6,,993391.1,6608.9,,,,,,,,,,,,
20200531,18:28:44,21,16.9,65.63,59.66,3.6,3.3,987.6,995.8,563.9,615.3,586.7,568.1,553.4,630.8,627.4,627.9,640.3,494.4,568.2,639.2,634.1,628,621.5,614.5,597.2,524,634.4,630.6,631.1,635.9,,993341.8,6658.2,,993391.3,6608.7,,,,,,,,,,,,
20200531,18:29:14,20.3,17.2,65.6,60.01,3.6,3.3,988.5,996.4,564.4,616.5,584.2,568.2,551.9,631.7,628.2,629.8,645,492.8,564.7,637.5,638.9,629.3,616.9,614.3,596.4,519.6,631.6,634.7,628.9,637.5,,993348.9,6651.1,,993388.1,6611.9,,,,,,,,,,,,
20200531,18:29:44,21.1,17,65.24,60.29,3.6,3.3,986.5,998.7,559.9,621.3,583.5,565.8,556.2,631.6,632.8,627.7,644.1,488,561.9,638.3,643.2,625.5,619.6,615.9,598.4,514.7,632.6,631.9,631.4,639.7,,993336.4,6663.6,,993399.6,6600.4,,,,,,,,,,,,
20200531,18:30:14,21.1,17.6,65.06,60.64,3.6,3.3,988.3,995.9,556.1,624.2,587.6,566.4,553.4,630.5,637.2,623.5,644.3,484.3,558.4,640.5,645.9,628,619.4,611.9,599.4,514.1,628.8,635.7,631.8,642.2,,993337.7,6662.3,,993398.7,6601.3,,,,,,,,,,,,
20200531,18:30:44,21.1,17.3,64.7,60.59,3.6,3.3,988,997,551.4,619.6,583.9,562.8,555.2,633.5,636.9,626.1,648.4,486.1,556.8,638.7,645.7,622.4,624.3,615.3,603.4,514.3,625.4,634.4,627.6,641.1,,993341,6659,,993405.7,6594.3,,,,,,,,,,,,
20200531,18:31:14,20.8,17.8,64.22,60.51,3.6,3.3,987.7,997.1,549.4,620.1,583.9,558.7,558.5,632.6,641.8,619.9,652.9,483.4,556.4,640.8,641.2,618.1,619.6,615.4,599.4,510.4,621.4,636.3,629,637.4,,993346.5,6653.5,,993426.9,6573.1,,,,,,,,,,,,
20200531,18:31:44,21.1,18.3,64.63,60.17,3.6,3.3,987.1,995.3,545.1,622,584.5,560.4,554.7,629,641.2,617.5,656.4,488.2,558.4,645.6,641,614.9,624.2,615.4,599.1,508.7,620.1,641.2,630.6,640.5,,993344.7,6655.3,,993416.6,6583.4,,,,,,,,,,,,
20200531,18:32:14,21.1,17.6,65.11,60.35,3.6,3.3,986.3,993.4,541.9,618.4,582.6,556.4,553,633.2,637.9,613.3,655.4,492.5,558.2,642.6,642.2,610.9,627.3,611.5,598.6,504.3,619,639.8,628.7,637.2,,993355.2,6644.8,,993439.9,6560.1,,,,,,,,,,,,
20200531,18:32:44,21.4,17.4,64.9,60.26,3.6,3.3,989,995,544.3,620.6,584.3,554.9,557.5,637.5,634.7,609.1,658.2,496.3,560.3,645.4,637.9,608.8,628,610.8,599.6,505.2,619.5,642,627.2,640.1,,993348.5,6651.5,,993429.3,6570.7,,,,,,,,,,,,
20200531,18:33:14,21.6,17,65.24,60.74,3.6,3.3,986.5,996.3,547.8,619.7,588.8,558.1,558.2,637.2,635.2,604.2,653.3,496.9,560.2,642,640.2,608,625.1,612.6,599.2,508.4,615.7,646.4,627.8,641.4,,993348.5,6651.5,,993425.1,6574.9,,,,,,,,,,,,
20200531,18:33:44,22.5,17.4,65.62,60.68,3.6,3.3,984.6,996.3,551.2,622.4,585,556.3,560.1,632.7,638.4,610.9,656.8,499.6,564.3,639.9,642.1,613.4,620.3,608.1,595.4,507.6,616.9,643.3,629.5,645.2,,993340,6660,,993420.6,6579.4,,,,,,,,,,,,
20200531,18:34:14,23,16.5,65.43,60.19,3.6,3.3,983.5,996.3,550.2,618.2,588,559,558.5,632.7,636.4,614.5,657.4,494.8,568.3,641.9,645.2,610.7,617.2,610.5,592.7,507.9,613.8,644.9,626.1,640.4,,993346.2,6653.8,,993424.5,6575.5,,,,,,,,,,,,
20200531,18:34:44,22.3,16.1,65.33,60.29,3.6,3.3,985,996.6,546.2,614.1,588.8,560.6,557,632.4,640.8,615.3,659.7,497.2,565.4,640.1,643.3,616.8,621.9,608.5,592.4,505.8,609.7,647.2,622,643.8,,993352.8,6647.2,,993418.2,6581.8,,,,,,,,,,,,
20200531,18:35:14,22.5,16,65.27,60.64,3.6,3.3,985.3,996.6,549.7,610.5,593.6,558.3,559,631.3,640.4,620,659.4,495.3,563.1,637.3,643.2,620.3,617.3,607.5,597.3,502.8,610.5,646.1,622.7,645.6,,993343.8,6656.2,,993425,6575,,,,,,,,,,,,
20200531,18:35:44,21.7,16.9,64.93,60.31,3.6,3.3,987.5,996.1,549.5,608.5,593.6,557.6,562.9,635.3,641,622.8,655.5,499,565.1,635.3,646.2,625.5,618.9,608.5,593.9,502.2,606.8,646.5,627.4,649.4,,993339.2,6660.8,,993409.4,6590.6,,,,,,,,,,,,
20200531,18:36:14,21.3,17.8,65.28,60.32,3.6,3.3,988.6,995.5,554.2,613.2,592.1,556,559.2,639.5,638.7,630.4,657.6,501.5,566.2,635.6,641.6,631.2,614.4,608.3,590.2,499.4,602.9,641.8,625.6,651.6,,993357.3,6642.7,,993391.5,6608.5,,,,,,,,,,,,
20200531,18:36:44,21.6,17.3,65.18,60,3.6,3.3,988.2,996.5,557.5,610.7,587.9,552.5,563.5,637.3,642.6,627.2,658.4,505.9,562.3,637.3,641.2,630.4,611.3,610.8,591.7,501.4,604.5,641.1,625.4,652.9,,993353.7,6646.3,,993392.5,6607.5,,,,,,,,,,,,
20200531,18:37:14,21.6,17.2,64.87,59.61,3.6,3.3,988.8,997.2,553.1,607.7,585.5,556.7,561.1,633.8,641.4,630.9,661.1,510,561.9,633.4,639.2,627.4,614.4,605.9,595,501,601.7,643.2,630.1,657,,993355.5,6644.5,,993393,6607,,,,,,,,,,,,
20200531,18:37:44,20.8,17.5,64.84,59.34,3.6,3.3,987.4,995.4,549.6,604.5,586.3,560.6,558.3,629.9,637.6,625.7,656.8,506.2,557,638.1,636.4,629.2,612.8,603.6,595.9,501.6,597,639.3,626.4,660.8,,993385.9,6614.1,,993400.5,6599.5,,,,,,,,,,,,
20200531,18:38:14,20.4,18.4,64.52,59.2,3.6,3.3,985.6,998.2,547.6,601.7,587.5,558.3,556.8,634.6,640.2,630.6,656.8,503.6,559.6,637.9,633.7,632.7,616.2,600.4,598.9,497.8,595.3,635.4,626.7,656.2,,993380.7,6619.3,,993410.8,6589.2,,,,,,,,,,,,
20200531,18:38:44,19.8,18.4,64.76,58.73,3.6,3.3,982.7,998.8,550.8,602.8,589.2,560.4,554.9,630.3,640.5,631.9,659,499.2,561.5,638.2,630.3,634.2,619.5,597.8,603,493.9,594.4,637.5,629.8,660.1,,993367.1,6632.9,,993413.7,6586.3,,,,,,,,,,,,
20200531,18:39:14,19.6,18.9,65.08,59.02,3.6,3.3,983.6,996.8,551.1,607.5,584.4,557.2,555.7,632.2,638.6,633.7,655.5,501.3,562.3,640,631.7,637.3,623.9,597.8,605.1,494.3,593.4,635.5,625.1,661.1,,993373.2,6626.8,,993402.1,6597.9,,,,,,,,,,,,
20200531,18:39:44,20.1,18.4,65.45,59.3,3.6,3.3,985.1,998.6,553.5,603.8,587.9,556.1,557.2,629.9,634.6,635.3,651.8,499,562.6,642.4,632.7,633.1,626.8,599.2,609.1,492.6,591.5,634.7,621.2,665.1,,993371.1,6628.9,,993408.8,6591.2,,,,,,,,,,,,
20200531,18:40:14,20.6,18.7,65.1,59.09,3.6,3.3,983.1,998.4,553.6,600.5,586.1,555.7,557.3,625,635.2,636.6,651.3,498.9,559.7,640.9,637.6,638,625.6,595.6,609,488.4,594.9,630.2,619.1,663.1,,993370.6,6629.4,,993427.1,6572.9,,,,,,,,,,,,
20200531,18:40:44,19.9,18.7,65.58,58.68,3.6,3.3,983.8,999.7,553.8,599.8,585.3,559.6,557.3,628.8,636,635.1,647.9,502.9,558.3,637.2,640.7,632,622.9,596.8,608.2,490.2,599.2,628.6,620.5,665.8,,993369.9,6630.1,,993423.2,6576.8,,,,,,,,,,,,
20200531,18:41:14,19.3,19.1,65.31,58.41,3.6,3.3,982.3,998.5,551.1,603.3,589.4,554.8,561.4,630.5,635.6,635.8,649.2,507.6,559.2,640.9,644.5,638.5,626.8,593.7,613.1,494.6,600.6,633.4,621.7,668.8,,993347.4,6652.6,,993398.1,6601.9,,,,,,,,,,,,
20200531,18:41:44,19.3,19.4,65.25,58,3.6,3.3,981.6,998.1,547.8,605.6,591.6,557.8,562.6,635,639.2,635.2,651.5,508.4,559.3,642.9,645.3,631.5,627.8,597.8,611.4,499.1,601.8,633.8,619.3,673.3,,993342.4,6657.6,,993379.6,6620.4,,,,,,,,,,,,01:39:32
20200531,18:42:14,18.9,19.5,65.34,57.8,3.6,3.3,979.1,997.7,546,601.3,595.3,561.7,564.2,631.9,641.2,632.7,648.7,508.9,560.9,638.3,648.9,637,631.6,602.5,614.9,496.4,600.3,633.9,616.3,672.2,,993331.7,6668.3,,993383.2,6616.8,,,,,,,,,,,,
20200531,18:42:44,18.9,19.9,65.57,57.79,3.6,3.3,979.3,998.5,542.1,597.6,595,560.1,567.3,633.3,644.3,641.1,652.1,509.5,563.6,642.4,645.9,643.2,634,601,610.9,500.2,604.6,634.9,620,667.8,,993320.2,6679.8,,993368.9,6631.1,,,,,,,,,,,,
20200531,18:43:14,18.9,19.8,65.96,57.56,3.6,3.3,979.6,996.4,538.4,602.3,592.4,556.6,564.8,635.9,646.5,646.5,652.5,510.6,561,644.2,649.4,650.6,629.7,604.6,606.3,499.2,604.9,631.8,616.4,665,,993337.7,6662.3,,993352.7,6647.3,,,,,,,,,,,,
20200531,18:43:44,18.8,20.3,66.34,57.84,3.6,3.3,979.2,997.8,541.7,607.1,590.4,553,563.7,632.3,649.7,654.5,650.2,510.8,565.8,642.5,648.1,656.2,627.2,605.3,607,502.1,605.1,630.9,619,662.3,,993332.1,6667.9,,993343,6657,,,,,,,,,,,,
20200531,18:44:14,18.2,19.4,66.01,58.32,3.6,3.3,979.7,996.8,538.7,604.8,588.9,557.2,559.1,630.9,652.6,659.6,654.5,512.2,562.1,644,649.7,658.8,627.4,604.5,611.7,497.3,606.6,626.6,623.9,658.6,,993324.8,6675.2,,993345.5,6654.5,,,,,,,,,,,,
20200531,18:44:44,18.8,19.2,66.08,58.81,3.6,3.3,982.1,996.2,540.8,602.4,590,560.3,562.4,628.1,648.1,661.9,653,516.4,562.1,645.3,650.4,657.5,625.1,602.9,610.6,493.9,602.3,626.2,622,656.9,,993333.2,6666.8,,993348.2,6651.8,,,,,,,,,,,,
20200531,18:45:14,18.2,19.7,66.03,59.18,3.6,3.3,984,993.6,536.3,602.8,589.9,557.8,558.6,632.9,648.2,654.6,653.7,515.4,564.8,642.9,649.6,650.7,628.6,607,615.1,498,606,629.4,625.2,655.9,,993324,6676,,993352.6,6647.4,,,,,,,,,,,,
20200531,18:45:44,19,19,66.19,59.36,3.6,3.3,984.2,996.5,540.8,603,588.9,556.7,555,634.8,652.5,649.8,648.9,510.7,569,640.7,647.7,645.5,627,608.4,616.3,502.3,607.1,624.9,625.8,652.8,,993321,6679,,993370.4,6629.6,,,,,,,,,,,,
20200531,18:46:14,18.4,19.4,65.9,59.23,3.6,3.3,984,999.1,537.7,602,586.5,552.4,553.2,639.3,652,642.9,645.2,511.1,573.4,639.6,651.1,642.6,625.1,606.5,617.4,500.8,611.2,622.3,629.5,654.8,,993317.7,6682.3,,993385.7,6614.3,,,,,,,,,,,,
20200531,18:46:44,18.8,19.5,66.38,58.87,3.6,3.3,983,1001.3,537.7,606.6,587.3,552.1,553.6,643.9,649.2,639.3,641.2,512.5,577.8,637.9,651.3,635.8,621.7,608.5,614.6,498.1,608.8,625.8,626.7,655.2,,993330.1,6669.9,,993384.3,6615.7,,,,,,,,,,,,
20200531,18:47:14,19.2,19.1,66.76,59.15,3.6,3.3,981.4,999.9,539.9,609.9,588.5,554.1,555.7,639.8,646.8,632.4,637.1,517,582.4,634.8,654.6,632.4,625,611.8,613.8,497.6,609.3,623.2,627.8,655.2,,993319.1,6680.9,,993391.8,6608.2,,,,,,,,,,,,
20200531,18:47:44,19.2,19.7,66.74,59.48,3.6,3.3,982.9,998.4,536.5,612.7,589.7,552.2,555.5,636.9,651,628.3,634.3,518,582.6,636.6,650.6,631.7,622.6,611.4,618.6,500.8,605.1,624.9,623.6,655.5,,993329.9,6670.1,,993391,6609,,,,,,,,,,,,
20200531,18:48:14,18.6,20.2,66.42,59.7,3.6,3.3,985.1,1001.3,536.2,617.2,585.3,548.7,552,639.6,651.3,633.1,631.6,516,581.6,639.8,647.2,633.7,624.8,611,623.4,505.5,600.3,620.4,618.9,651,,993347.4,6652.6,,993384,6616,,,,,,,,,,,,
20200531,18:48:44,18.5,19.8,66.47,59.69,3.6,3.3,982.5,1002,535.5,621.8,582.5,544.2,550.2,638.1,646.5,632.8,626.8,512.5,581.8,637.6,648.8,633.2,628.6,612.3,625.8,504.2,596.7,623.5,620.7,652.5,,993356.1,6643.9,,993387.3,6612.7,,,,,,,,,,,,
20200531,18:49:14,18.3,20.4,66.21,59.91,3.6,3.3,982.5,1001.2,531.8,624.2,579.7,547.1,550.9,642,647,635.1,625.1,513.9,577.9,638.6,648.4,637.4,630.2,610.2,625.3,505.1,596.6,623.4,615.8,652.5,,993371.3,6628.7,,993370.5,6629.5,,,,,,,,,,,,
20200531,18:49:44,17.6,19.8,66.56,59.48,3.6,3.3,981.9,999.6,532,623.2,581.2,544,551.1,645.6,644.6,638.3,623.9,512,575.3,636.2,650.6,642.4,627.6,613.1,628.1,506.3,594.8,620.1,617,656.2,,993373.8,6626.2,,993362.6,6637.4,,,,,,,,,,,,
20200531,18:50:14,17.9,20.6,66.94,59.32,3.6,3.3,980.6,1000.6,529.3,618.7,579,544.9,553.4,649.5,643.4,643.5,622.4,513.6,570.8,635.1,651.8,648.2,630.3,612.1,626,502.2,596,616.2,612.2,660,,993385.4,6614.6,,993356,6644,,,,,,,,,,,,
20200531,18:50:44,18.4,20.5,67.09,59.58,3.6,3.3,977.9,1001,524.5,615.9,578.2,540.8,552.1,649.7,642.4,645.2,620.4,515.8,572.2,634.7,648,640.8,625.5,611.3,623.4,506,596.9,620.6,609.8,663.1,,993406.6,6593.4,,993356.1,6643.9,,,,,,,,,,,,
20200531,18:51:14,18.5,20.6,66.63,60,3.6,3.3,976.6,1001.5,522.7,619,578.5,539.4,556.4,650.4,639.8,640.6,616.8,517.4,571.2,632.7,648,644.8,629.7,610.3,619.1,502,593.5,623,611.5,662.4,,993412.8,6587.2,,993358,6642,,,,,,,,,,,,
20200531,18:51:44,18.4,20.7,66.25,59.55,3.6,3.3,976.3,1000.9,522.7,621.8,579.7,541.4,557,648.7,636.9,643.6,616.8,517.8,573,632.5,643.6,643,625.6,606.7,620.1,499.5,589,627.7,609.8,663,,993425.8,6574.2,,993354.3,6645.7,,,,,,,,,,,,
20200531,18:52:14,19.1,20.7,66.19,59.73,3.6,3.3,976.1,1000.8,521.3,626.2,580.3,536.7,556.9,644.7,634,639.3,614.4,517.2,570.8,628.3,644.1,641.1,622.2,607.7,624.8,499.8,589.6,625.4,614.2,660.3,,993427.4,6572.6,,993373.3,6626.7,,,,,,,,,,,,
20200531,18:52:44,18.9,20.8,66.65,59.36,3.6,3.3,975.8,999.2,516.6,630.7,579.2,532.1,558.9,646.3,637,643.8,617.7,519,570.1,627.7,645.3,648.3,624.7,605.4,624.8,499.2,589.7,623.3,616.7,664.6,,993419.3,6580.7,,993359.6,6640.4,,,,,,,,,,,,
20200531,18:53:14,18.6,21.7,66.18,59.19,3.6,3.3,976,996.4,520.1,632,581.3,529,555.5,648.4,641.9,652.1,615.5,517.1,570.5,623.3,644.2,650,629,602.1,622.8,496.9,589.2,625.7,620.1,666.8,,993409.9,6590.1,,993356.6,6643.4,,,,,,,,,,,,
20200531,18:53:44,18.4,21.9,66.55,58.86,3.6,3.3,976.9,997.9,520,630,579,529.4,551.9,648.2,639.4,645.4,615.5,521.3,573.9,619,643.7,648.4,630.9,599.9,626,496.9,585.3,625,618.3,670.8,,993416.1,6583.9,,993365.7,6634.3,,,,,,,,,,,,
20200531,18:54:14,18.9,22.2,66.26,58.73,3.6,3.3,978,996.4,515.4,626.5,583.4,530.1,550.2,650.8,635.8,646.1,612.3,521,572.6,623.2,642.1,646.8,631.9,597.6,629.1,492.2,588.1,620.1,618.3,666.5,,993420.8,6579.2,,993379.1,6620.9,,,,,,,,,,,,
20200531,18:54:44,18.8,21.6,66.07,58.76,3.6,3.3,980,993.8,511.9,624.6,583.4,533.5,545.9,651.2,633.8,650.5,616.5,519.2,574.9,618.4,645.5,652.6,632.3,594.1,624.8,491.8,592.4,616.8,618.5,670.9,,993420.1,6579.9,,993376.4,6623.6,,,,,,,,,,,,
20200531,18:55:14,19.6,21.4,66.39,58.76,3.6,3.3,979.4,991.3,507.3,621.3,584,535.9,544.7,648.2,636.8,653.2,618.5,517.6,572.9,622.2,641.5,649.7,631.7,591.3,623.4,495.8,589,619.3,613.8,666.1,,993436.4,6563.6,,993379.4,6620.6,,,,,,,,,,,,
20200531,18:55:44,20.4,21.4,66,58.86,3.6,3.3,978,993,505.8,620.5,585.3,535.1,546.3,647,636.4,648.1,613.7,521,577.1,624.3,638.5,649.7,636.4,590.3,628.2,494.1,586.3,619.9,613.9,669.8,,993432.1,6567.9,,993380.2,6619.8,,,,,,,,,,,,
20200531,18:56:14,20.5,21.4,65.58,59.09,3.6,3.3,978.7,995.8,509.8,622.2,585.3,531,548.3,646.2,637.2,648.1,610.5,517.3,575.7,628.3,642.9,651.7,639,588.9,631.7,494.7,585.5,619.1,615.8,671.5,,993418.3,6581.7,,993381,6619,,,,,,,,,,,,
20200531,18:56:44,20.4,22.2,65.12,58.88,3.6,3.3,980.6,996,505.6,617.9,588.8,533,544.8,641.6,637.8,650.2,611.7,514.5,571.2,623.7,645.7,650.2,639.1,590.9,631.9,494,590,617.4,620.7,675.6,,993412.7,6587.3,,993391,6609,,,,,,,,,,,,
20200531,18:57:14,19.9,23,65.56,58.88,3.6,3.3,982.8,995.2,508.1,613.9,589.4,532.5,546.6,645.2,636,646.6,612.3,512.9,568,623.8,643.4,647.8,638.7,588.5,635,489.9,587.2,617.4,623.5,676.7,,993411.8,6588.2,,993404.8,6595.2,,,,,,,,,,,,
20200531,18:57:44,20.8,22.3,65.28,59.28,3.6,3.3,985.5,994.2,503.7,612.5,588.6,532.5,549.1,644.2,636.6,651.2,614.3,513.8,570.7,620,640.3,651.9,638.8,588.8,636,494.8,583.9,612.7,626.6,674.8,,993411.4,6588.6,,993402.8,6597.2,,,,,,,,,,,,
20200531,18:58:14,20.3,23,65.17,59.16,3.6,3.3,983.3,993.3,505.7,609.3,587.7,533.7,552.7,646.5,632.2,652.4,616.2,509.4,569.1,624,636.6,649.8,643.5,589,632.8,490.5,585.3,614.1,626.8,675,,993411.4,6588.6,,993406.3,6593.7,,,,,,,,,,,,
20200531,18:58:44,20.5,23.3,65.41,59.45,3.6,3.3,982.9,995.9,508.3,611.1,584.1,531.9,550.3,650,636.6,650.2,615.7,512.9,573.2,625,636.7,647.7,644.9,585.4,636.4,488.7,583.6,615.5,631.6,677.7,,993398.6,6601.4,,993403.9,6596.1,,,,,,,,,,,,
20200531,18:59:14,20.9,23.6,65.66,59.17,3.6,3.3,981.3,993.5,507.1,609.5,582.9,527.4,547.9,646.8,634.2,651.6,619.8,512.6,574.2,623.4,640.3,647.7,644,583.2,638.1,490.9,578.8,610.7,635,681.8,,993397.7,6602.3,,993414.4,6585.6,,,,,,,,,,,,
20200531,18:59:44,21.7,22.8,65.58,59.3,3.6,3.3,978.9,995.7,509.9,614.2,586.9,527.6,549.6,643.5,631.7,649.2,624.5,509.5,569.7,618.7,642.8,647.2,644,579.9,641.1,488.6,580.6,607.4,633.2,678.8,,993386,6614,,993435.4,6564.6,,,,,,,,,,,,
20200531,19:00:14,21.4,23.7,65.36,59.09,3.6,3.3,981.2,995,510.5,614.4,591.7,522.7,547.7,644.5,629.3,650.8,623.3,506.7,566.9,619.6,643.1,650.4,641.4,581.2,639.6,486.3,584.5,602.8,633.8,678.1,,993388.2,6611.8,,993442.5,6557.5,,,,,,,,,,,,
20200531,19:00:44,22,24.3,65.18,58.65,3.6,3.3,984,995.5,509.6,612.3,588,523.7,551.8,640.8,628.9,652.2,620.7,502,565.6,620.4,638.4,655.8,644.3,583.7,643.2,486.6,582.6,598.4,633.4,678.1,,993393.5,6606.5,,993446,6554,,,,,,,,,,,,
20200531,19:01:14,22.3,23.9,64.76,58.41,3.6,3.3,982.5,994.6,505,609.4,584.6,528.5,549.4,645.3,630.2,657.3,620.6,500.8,570,619.1,642.3,653.7,647.1,586.3,639.8,485,580.1,597.1,629.7,678.1,,993401.2,6598.8,,993439.4,6560.6,,,,,,,,,,,,
20200531,19:01:44,22.3,23.4,65.02,58.48,3.6,3.3,984.4,997.4,509.5,605.2,589.3,524,554.3,643.8,626,650.4,620.7,505,566.7,619.1,639.8,651.5,650.9,581.7,637.3,485.7,580.8,594.8,631.8,679.9,,993392.9,6607.1,,993458.9,6541.1,,,,,,,,,,,,
20200531,19:02:14,22.9,22.9,64.7,58.71,3.6,3.3,984.8,996.7,514,602.8,588.2,519.4,557.8,640.6,625.4,646.9,621.1,501.5,562.4,619.1,637.6,651,649.7,582.4,634.4,486.5,580.8,597.3,628.5,678.7,,993400.1,6599.9,,993473.8,6526.2,,,,,,,,,,,,
20200531,19:02:44,22.7,23,64.45,58.54,3.6,3.3,986.8,996.1,516,602.7,584.7,523.5,559,640.1,620.8,654.1,625.8,498.5,566.1,618.7,641.6,651.2,648.3,578,638.5,484.7,577.5,593.5,624.2,676.1,,993397.5,6602.5,,993478.9,6521.1,,,,,,,,,,,,
20200531,19:03:14,22.8,23.7,64.83,58.7,3.6,3.3,986.7,994.6,518.9,606.6,581.2,525.9,558.9,642.2,620.2,654.6,627.6,497.8,563.5,618.3,643.2,652.6,646.7,581.2,639.2,482.2,578.4,596.4,620.5,673.3,,993401.7,6598.3,,993468.9,6531.1,,,,,,,,,,,,
20200531,19:03:44,22.4,23.8,64.57,58.69,3.6,3.3,984.3,991.8,522.3,608.5,580.6,524.1,556.9,639.7,623.7,652.7,625,496.8,563,618.9,647.2,657.1,646,582.1,640.5,484,582.2,593.7,617,671.9,,993395.6,6604.4,,993470.5,6529.5,,,,,,,,,,,,
20200531,19:04:14,22.8,24.1,64.47,58.49,3.6,3.3,984.3,989.9,526.3,608.1,579.1,529,554.4,635.8,628.2,655.4,621.8,495.6,559.2,617.2,643.5,659.5,650.7,580.4,642.8,479.6,577.5,592.9,616.7,670.1,,993399.8,6600.2,,993476.4,6523.6,,,,,,,,,,,,
20200531,19:04:44,23.2,23.5,64.65,58.44,3.6,3.3,987,989.3,529.1,610.2,581.8,530.2,556.6,640,629.7,656.8,626.5,500.5,561.9,616.1,643.1,660.2,651.5,576.5,647.6,478.9,582.2,596.8,612.1,673.8,,993377.9,6622.1,,993460,6540,,,,,,,,,,,,
20200531,19:05:14,22.6,23,64.83,58.14,3.6,3.3,984.2,990.9,526,610.4,584.1,530.7,556.9,638.5,634.6,660.2,624.3,498.5,559.4,620.2,641.2,662.1,652.5,576,646.8,479.6,583.3,600.4,609.8,677.5,,993381.1,6618.9,,993445.9,6554.1,,,,,,,,,,,,
20200531,19:05:44,22.7,23.8,65.06,58.2,3.6,3.3,981.3,988.1,528.1,607.6,587.2,525.9,561.7,640.4,638.5,659.8,621.2,494.6,559.5,616.8,646.1,660.4,651,580.1,645.2,477,578.5,601,610.7,676,,993372.3,6627.7,,993460.4,6539.6,,,,,,,,,,,,
20200531,19:06:14,22.9,24.7,65.2,58.11,3.6,3.3,978.6,990,524.2,607.3,584.4,530.5,558.8,637.9,633.7,655.6,616.4,497.7,554.9,620.1,650,657,650.2,581.8,641.3,474.6,578.2,605.5,614.7,677.8,,993393.2,6606.8,,993454.2,6545.8,,,,,,,,,,,,
20200531,19:06:44,22.8,24,64.94,57.65,3.6,3.3,980.7,990.8,519.9,603.4,584.6,530.8,557.6,638.6,635.2,654.7,619.2,497.6,557.3,618.7,645.5,655.7,649.3,583.8,636.9,471,577,605,613.5,676.1,,993404,6596,,993464.6,6535.4,,,,,,,,,,,,
20200531,19:07:14,22.6,24.7,64.93,58.05,3.6,3.3,983.6,989.8,520.5,601.4,589.1,532.5,558.6,640.3,638.3,654.5,617.5,497,558.9,618.7,649,654.2,648.9,585.5,633.9,473.9,580.4,605.7,617,674.4,,993387.9,6612.1,,993461.9,6538.1,,,,,,,,,,,,
20200531,19:07:44,23,24.3,64.75,57.86,3.6,3.3,986.4,987.1,519.4,604.5,584.3,534.9,563,635.5,634.9,651.7,616.1,492.1,557.8,615.8,646,653.7,652.6,581.2,638,471,581.4,601.4,621.3,672.9,,993385.2,6614.8,,993485.3,6514.7,,,,,,,,,,,,
20200531,19:08:15,23.7,23.8,64.48,57.67,3.6,3.3,984.2,989.2,523.1,602.4,586.4,537.5,563,633.8,637.1,654.4,617.9,494.8,561.3,611.3,644.2,655.7,655.9,581,633.1,470.4,579.6,597.5,617.5,671.7,,993380.9,6619.1,,993489.5,6510.5,,,,,,,,,,,,
20200531,19:08:45,23.9,23.4,64.6,58.04,3.6,3.3,983.9,991.1,526.5,606.1,586.5,537.3,567.4,630.9,635.4,657.4,621.1,493.3,556.4,612.1,640.8,657.6,655.7,578.3,637.3,473,580,601.1,617.4,674.3,,993375.5,6624.5,,993478.6,6521.4,,,,,,,,,,,,
20200531,19:09:15,23.5,23.5,64.47,57.98,3.6,3.3,982.9,989.3,526.5,605.3,591.4,536.5,568.9,631.4,631.3,658.8,618.9,494.3,557.7,607.4,637.2,661.9,658.5,578.3,635,474.8,575.5,601.9,616,673.1,,993383.1,6616.9,,993476.3,6523.7,,,,,,,,,,,,
20200531,19:09:45,23.2,23.5,64.16,57.85,3.6,3.3,984.1,991.3,521.6,602.5,588.5,536.5,570.6,633.5,629.8,657.4,622.6,497.6,554.5,612.2,634.5,659.6,656.9,578.7,635.9,474.5,571.1,606.4,612.7,669.1,,993401.3,6598.7,,993472,6528,,,,,,,,,,,,
20200531,19:10:15,23.5,23.5,64.36,57.42,3.6,3.3,982.2,988.5,519.7,601.4,584.2,531.9,566.5,629.5,634,656.6,624.3,502.5,552.1,610.4,629.9,655.7,657.4,582,634.1,476.7,572.5,607.2,617.1,667.4,,993408.2,6591.8,,993478.7,6521.3,,,,,,,,,,,,
20200531,19:10:45,23.5,23.3,64.25,57.6,3.6,3.3,979.5,988.5,523,603.1,584.2,533.8,562.3,630.2,630.3,658.4,624.3,500.8,551.2,613.3,627.2,654.3,662.3,582.9,637.2,476.7,574.7,605.7,615.7,667.4,,993407.6,6592.4,,993473.4,6526.6,,,,,,,,,,,,
20200531,19:11:15,23.7,22.5,63.99,57.18,3.6,3.3,979.5,987.5,523,603.3,581.3,534.1,558.1,627.9,634.4,658.1,621.5,501.3,555.4,617.1,627.4,657.5,662.1,579.8,640.9,476.1,576.7,604.1,611.6,672,,993407.6,6592.4,,993468.7,6531.3,,,,,,,,,,,,
20200531,19:11:45,23.7,22.1,64.12,56.86,3.6,3.3,980.5,990.1,526.3,606,579.9,538.5,561.1,623.9,639.1,660.1,623.3,498.9,557.3,612.3,626.6,658.4,660.4,583.4,640,472.6,579.8,604.1,609.2,672.5,,993397,6603,,993469.3,6530.7,,,,,,,,,,,,
20200531,19:12:15,23.8,21.7,64.22,57.04,3.6,3.3,980.5,991,525.1,607.3,583.6,542.9,564.6,625.5,636.9,654.1,623.4,494.5,559.7,609.7,630.9,649.3,664.8,587,641.1,467.9,582.7,608.9,613.7,673.9,,993373.5,6626.5,,993479,6521,,,,,,,,,,,,
20200531,19:12:45,24.7,22.6,64.64,56.94,3.6,3.3,983.3,992.7,527.1,606.5,584.6,543.8,560.8,623.9,639.2,651.7,620.3,492.8,557.2,609.7,629.3,655.6,659.9,582.7,643.8,471.4,582.1,611.2,616.2,677.7,,993379.5,6620.5,,993473,6527,,,,,,,,,,,,
20200531,19:13:15,24.7,21.9,65.07,56.45,3.6,3.3,980.6,992.1,532,607.4,589.4,542.8,564.4,622.7,642.1,655.4,617.6,497.7,560.5,606.3,633.8,657.3,660.3,580.1,644.9,475.6,584.9,609,617.1,673.1,,993353,6647,,993472.6,6527.4,,,,,,,,,,,,
20200531,19:13:45,25.2,21.6,65.38,56.75,3.6,3.3,983.4,992.1,530.8,604.1,593.3,538.4,561.1,620.1,646.2,658.1,613.5,499.4,562.5,610.3,632,654.2,662.1,584.7,644.1,474.7,587.4,606.4,615.2,669.1,,993351.8,6648.2,,993480.5,6519.5,,,,,,,,,,,,
20200531,19:14:15,24.7,21.7,64.91,56.9,3.6,3.3,980.6,990,527.7,605.5,593.7,533.7,560,617,647.7,659,617.9,497.1,560.2,609,636.4,654.4,664.4,583.8,648.6,475.3,591.8,602.7,616.7,667.7,,993334.9,6665.1,,993494.8,6505.2,,,,,,,,,,,,
20200531,19:14:45,25,21.3,65.3,57.03,3.6,3.3,983.5,988.2,527.6,609.9,593,533.6,558,613.5,646.2,653.6,614.2,495.8,555.5,609.3,635.6,648.7,660.5,586.1,646.1,472.1,594.5,599.1,613.5,667.4,,993355.3,6644.7,,993510.9,6489.1,,,,,,,,,,,,
20200531,19:15:15,24.7,21.3,65.71,56.59,3.6,3.3,986.3,989.3,530.1,612.3,589,537.2,559.6,616.3,649,653.5,616.1,494.4,556.6,611.9,634.8,651.8,662.1,589.2,648.7,476.8,598.9,595.5,616.8,666.6,,993338.3,6661.7,,993494.5,6505.5,,,,,,,,,,,,
20200531,19:15:45,24.7,21.8,65.91,56.89,3.6,3.3,986.9,989.9,528.6,614.2,592.4,536.6,560.4,620.1,653.1,650.8,620.6,498.3,559.4,610.1,636.2,645.9,659.2,591.7,650.8,476,602.5,594.9,617.4,666.8,,993319.4,6680.6,,993494.6,6505.4,,,,,,,,,,,,
20200531,19:16:15,24.1,21.4,65.6,56.94,3.6,3.3,985.5,991.4,533.4,614.5,595.3,537.2,558.5,615.7,653.4,649.7,619,493.8,562.9,607.2,636.7,653,655.2,595,654.9,472.9,601.3,599.5,619.4,666.6,,993310,6690,,993494.9,6505.1,,,,,,,,,,,,
20200531,19:16:45,23.6,21.3,65.4,56.99,3.6,3.3,983.3,990.7,538.2,615.1,591.9,535.9,558.8,612,658,649.6,621.9,497.5,562.5,608.6,638.4,650.8,655.2,599.1,653.4,477.4,596.4,602.3,615.7,665.7,,993309.6,6690.4,,993486,6514,,,,,,,,,,,,
20200531,19:17:15,24.2,21.3,65.66,56.56,3.6,3.3,983.6,989.7,539.5,611.2,593.8,540.8,557.3,611.5,656.8,651.7,622.9,501.6,565.1,604,640.8,652.5,650.7,600.2,652.6,473.7,596,602.5,619.5,670.6,,993305,6695,,993479.7,6520.3,,,,,,,,,,,,
20200531,19:17:45,23.5,20.4,65.73,56.8,3.6,3.3,985.1,989.1,537,614.2,598.2,538.8,552.8,611.3,656.3,651.4,627.2,501,567.8,608.4,644.5,655.7,648.5,600.2,648.3,471.7,593.1,601.4,618.6,666.7,,993307.7,6692.3,,993479.2,6520.8,,,,,,,,,,,,
20200531,19:18:15,23.7,20.1,66.1,57.08,3.6,3.3,983.7,989.2,532.8,616.5,594.9,534.4,555.7,611.5,651.4,657,625.8,505.3,564.7,610.4,640.5,660.3,645.5,603.2,643.4,472.7,593.2,604.4,615.1,666.9,,993337,6663,,993457.4,6542.6,,,,,,,,,,,,
20200531,19:18:45,23.3,20.9,65.7,57.27,3.6,3.3,980.9,989.1,532.2,617.3,596.9,530.9,556.8,614.3,651,656.3,625.8,502.7,561.6,606.2,637.1,654.3,643.5,599,646.9,470.4,589.5,605.5,614.3,665,,993344.4,6655.6,,993478.1,6521.9,,,,,,,,,,,,
20200531,19:19:15,23.1,20.4,65.44,57.27,3.6,3.3,978.7,986.9,529.7,619.8,601.2,532.3,560.3,614.2,646.2,656.1,627.3,503.3,563.2,609.3,639.5,659.7,639.2,603.7,650.8,472.2,591,607.3,613.2,665.1,,993338.4,6661.6,,993457,6543,,,,,,,,,,,,
20200531,19:19:45,24,20.8,65.82,57.04,3.6,3.3,976.1,986.4,529.6,616.5,602.4,528.9,558.7,615.9,646.2,656.7,630.7,504.9,563.8,613.9,637.5,659.4,644.1,600,652,475.5,590.1,611.1,617.9,661.2,,993327,6673,,993456,6544,,,,,,,,,,,,
20200531,19:20:15,24.7,20.6,65.86,57.31,3.6,3.3,974.3,987.7,527.9,618.2,604.3,530.4,561.7,619.5,646.9,655,630.5,505.9,562,615.6,641.2,657.1,646.8,600.8,653.2,477.7,592.7,612.1,620.6,660.1,,993312.2,6687.8,,993447.6,6552.4,,,,,,,,,,,,
20200531,19:20:45,24.6,21.2,65.47,57.16,3.6,3.3,975.7,986,528.7,617.6,605.4,532.5,565.9,614.7,643.3,657.2,635.3,502.4,563.9,612.5,645.6,661.7,647.3,604.7,657.2,478.3,594,609.8,616.5,662.2,,993296.9,6703.1,,993446.4,6553.6,,,,,,,,,,,,
20200531,19:21:15,25,21.4,65.3,56.93,3.6,3.3,977.3,983.6,527.1,617.7,604.6,527.8,563.6,618.8,641.1,664.4,635.3,501.9,562.2,617.1,643.4,668.3,651.6,609.2,660,477.4,593.7,614,614.4,658.9,,993303,6697,,993424.5,6575.5,,,,,,,,,,,,
20200531,19:21:45,24.2,20.9,65.05,56.54,3.6,3.3,974.9,984.7,530.3,618.2,604.6,525.3,567.1,617.6,642,668.8,632.9,504.9,565.1,614.9,645.3,667.5,655.9,605.4,659.6,480.2,596.7,616.6,611,661.7,,993289.5,6710.5,,993418.9,6581.1,,,,,,,,,,,,
20200531,19:22:15,24.2,21,65.09,56.26,3.6,3.3,976.2,983.4,527.2,613.7,605.6,526.3,562.3,618.4,644.4,670.4,637.3,509.5,568.2,613.7,640.8,666.1,660.4,608.3,658.4,478.6,595.7,618.6,615.2,660.4,,993284.5,6715.5,,993416,6584,,,,,,,,,,,,
20200531,19:22:45,24.8,20.6,65.09,56.26,3.6,3.3,978.3,982.2,524.3,609,609.5,527.5,567.1,614.7,647.2,670.7,640.9,507.9,565.5,611.1,638.1,667.1,663.1,607.4,655.1,478,591.7,622.9,615.6,658.6,,993281.9,6718.1,,993425.1,6574.9,,,,,,,,,,,,
20200531,19:23:15,24.1,20,65.34,55.84,3.6,3.3,981,982.2,523,607.9,608,524.3,571.7,615.5,643.7,662.5,638.2,503.7,567.2,615.6,634.8,662.7,667,602.5,658.6,475.6,589.1,625.3,615.6,655.6,,993283.1,6716.9,,993448.8,6551.2,,,,,,,,,,,,
20200531,19:23:45,23.2,20.1,65.59,56.28,3.6,3.3,980,980.4,527.5,610.2,607.3,524.2,572,611.9,639,662.8,634.9,500.9,567.7,617.7,636.8,663.8,671.3,600.4,660.1,478.9,589.9,626.5,613.7,654.3,,993279.8,6720.2,,993448.4,6551.6,,,,,,,,,,,,
20200531,19:24:15,22.3,20,65.13,56.28,3.6,3.3,981.8,979.9,528.8,607,610.1,526.9,576,616.1,639.1,664.3,636.5,499.7,563.5,618.8,636.8,664,671.4,604.2,659,482.6,589.1,621.6,612.2,657.3,,993277.5,6722.5,,993437.5,6562.5,,,,,,,,,,,,
20200531,19:24:45,22.8,19.7,65.38,56.09,3.6,3.3,982.4,977.5,524.9,608.2,605.3,528.9,576.8,619.8,639.7,661.5,633.4,503.6,561.1,623.7,638.2,664.5,674,604.8,656.2,484.8,587.5,619.4,612.2,658.5,,993290.7,6709.3,,993422.3,6577.7,,,,,,,,,,,,
20200531,19:25:15,23.1,19.3,65.25,56.19,3.6,3.3,980.6,978.3,527.5,605.5,607.7,527.6,581.6,616.3,636.1,668.8,635.1,503,562.4,620.9,640.9,672.2,671.4,607.6,656.2,487.8,584.7,616.2,609.5,662.9,,993286.9,6713.1,,993411.2,6588.8,,,,,,,,,,,,
20200531,19:25:45,22.4,20.2,65.44,56.52,3.6,3.3,980,979.6,532.1,602.8,606,523.3,583.1,619.2,634.7,674.8,639.3,498.3,562.1,624,644.9,679.5,671.2,607.2,653.6,492.4,583,612.4,609.6,661.3,,993280.4,6719.6,,993404.8,6595.2,,,,,,,,,,,,
20200531,19:26:15,22.5,19.6,65.13,56.4,3.6,3.3,979.5,981.9,528.3,598.3,602.4,519.1,586,621.1,636.6,680.8,638,500.8,557.6,621.8,641,678.6,668.9,603,654.1,496.8,585.9,617.1,609.3,660,,993291.9,6708.1,,993402.6,6597.4,,,,,,,,,,,,
20200531,19:26:45,23.2,18.9,65.32,56.82,3.6,3.3,980.2,983.7,526.6,599.1,600.2,518,584.5,625.9,634.4,679.6,635.2,504.1,555.4,623.9,644.7,680.3,668.6,602.7,652.4,498.2,582.4,614.7,613.9,662.8,,993301.7,6698.3,,993390.7,6609.3,,,,,,,,,,,,
